,Date,Adj Close,daily_return
0,2017-01-03,26.770000457763672,
1,2017-01-04,26.55500030517578,-0.00803138397128933
2,2017-01-05,26.420000076293945,-0.005083796924510775
3,2017-01-06,25.78499984741211,-0.02403483069826362
4,2017-01-09,25.4950008392334,-0.011246810544690233
5,2017-01-10,25.63500022888184,0.005491248677780058
6,2017-01-11,25.43000030517578,-0.00799687621906453
7,2017-01-12,25.38500022888184,-0.0017695664865872152
8,2017-01-13,25.09000015258789,-0.011621038945601847
9,2017-01-16,25.0,-0.003587092548447357
10,2017-01-17,24.854999542236328,-0.005800018310546884
11,2017-01-18,25.450000762939453,0.0239388948566277
12,2017-01-19,25.5,0.0019646065053702255
13,2017-01-20,25.3799991607666,-0.0047059152640548385
14,2017-01-23,25.06999969482422,-0.012214321363004266
15,2017-01-24,25.049999237060547,-0.0007977845236193382
16,2017-01-25,25.6299991607666,0.023153690274288152
17,2017-01-26,25.459999084472656,-0.006632855320345632
18,2017-01-27,25.229999542236328,-0.0090337608211698
19,2017-01-30,25.299999237060547,0.002774462786138132
20,2017-01-31,24.975000381469727,-0.012845804956181484
21,2017-02-01,25.0049991607666,0.0012011523058528262
22,2017-02-02,24.94499969482422,-0.002399498818481227
23,2017-02-03,25.11000061035156,0.006614588797192011
24,2017-02-06,25.575000762939453,0.01851852414516464
25,2017-02-07,25.934999465942383,0.014076195200924513
26,2017-02-08,26.03499984741211,0.0038558081175612546
27,2017-02-09,25.450000762939453,-0.022469717223017605
28,2017-02-10,25.11000061035156,-0.013359534082333147
29,2017-02-13,25.0,-0.004380749011460017
30,2017-02-14,24.96999931335449,-0.0012000274658204857
31,2017-02-15,25.045000076293945,0.003003634962029933
32,2017-02-16,24.920000076293945,-0.004991016155688421
33,2017-02-17,25.200000762939453,0.011235982575773296
34,2017-02-20,25.434999465942383,0.00932534507493088
35,2017-02-21,25.5049991607666,0.0027521012893256813
36,2017-02-22,26.545000076293945,0.04077635560667403
37,2017-02-23,27.424999237060547,0.033151220879162224
38,2017-02-24,26.975000381469727,-0.01640834523644097
39,2017-02-27,27.28499984741211,0.011492102374735635
40,2017-02-28,27.2549991607666,-0.0010995303944761892
41,2017-03-01,27.0,-0.009356050949129058
42,2017-03-02,27.149999618530277,0.005555541427047395
43,2017-03-03,27.2549991607666,0.0038673865087150983
44,2017-03-06,27.100000381469727,-0.005686985289656277
45,2017-03-07,27.1200008392334,0.0007380242613335142
46,2017-03-08,27.149999618530277,0.0011061496448583341
47,2017-03-09,27.200000762939453,0.0018416628033781635
48,2017-03-10,27.155000686645508,-0.0016544145232252339
49,2017-03-13,27.065000534057617,-0.003314312292842292
50,2017-03-14,26.809999465942383,-0.009421801702695354
51,2017-03-15,26.7549991607666,-0.0020514847546211357
52,2017-03-16,26.850000381469727,0.003550783916391742
53,2017-03-17,27.48500061035156,0.023649915078588712
54,2017-03-20,27.420000076293945,-0.0023649457018070086
55,2017-03-21,27.69499969482422,0.010029161844095968
56,2017-03-22,28.21999931335449,0.01895647677614476
57,2017-03-23,28.440000534057617,0.007795932886469625
58,2017-03-24,29.0,0.019690557504447703
59,2017-03-27,28.989999771118164,-0.00034483547868402464
60,2017-03-28,29.0,0.00034495443121040914
61,2017-03-29,29.295000076293945,0.010172416423929187
62,2017-03-30,29.170000076293945,-0.004266939739698161
63,2017-03-31,29.200000762939453,0.0010284774277353748
64,2017-04-03,29.325000762939453,0.004280821805958679
65,2017-04-04,29.395000457763672,0.0023870313044520586
66,2017-04-05,29.7549991607666,0.012246936465273972
67,2017-04-06,29.82999992370605,0.0025206104874753166
68,2017-04-07,29.825000762939453,-0.00016758836001962152
69,2017-04-10,29.93000030517578,0.0035205210243214324
70,2017-04-11,29.46500015258789,-0.015536256192669629
71,2017-04-12,29.399999618530277,-0.0022060252408281356
72,2017-04-13,29.170000076293945,-0.007823113783014035
73,2017-04-18,28.940000534057617,-0.007884797450626202
74,2017-04-19,29.1200008392334,0.006219775461439703
75,2017-04-20,29.1200008392334,0.0
76,2017-04-21,28.88999938964844,-0.007898401200424288
77,2017-04-24,29.63999938964844,0.025960540527693254
78,2017-04-25,29.43000030517578,-0.0070849895005733465
79,2017-04-26,29.51499938964844,0.0028881781716363353
80,2017-04-27,30.30500030517578,0.026766082732985197
81,2017-04-28,30.44499969482422,0.004619679532704923
82,2017-05-02,30.63999938964844,0.006404982649987456
83,2017-05-03,30.5049991607666,-0.004406012779734181
84,2017-05-04,30.940000534057617,0.014260002794902027
85,2017-05-05,31.19499969482422,0.008241730974952954
86,2017-05-08,31.43000030517578,0.00753327817440419
87,2017-05-09,31.674999237060547,0.007795066163089448
88,2017-05-10,32.0,0.010260482107895097
89,2017-05-11,31.3799991607666,-0.0193750262260437
90,2017-05-12,31.40999984741211,0.0009560448517480502
91,2017-05-15,31.100000381469727,-0.009869451367346072
92,2017-05-16,31.0,-0.003215446310068537
93,2017-05-17,30.790000915527344,-0.006774164015246997
94,2017-05-18,30.59000015258789,-0.006495640045226292
95,2017-05-19,30.98500061035156,0.01291273147412042
96,2017-05-22,30.8799991607666,-0.0033887832020851327
97,2017-05-23,31.104999542236328,0.007286281981367049
98,2017-05-24,31.3700008392334,0.0085195724448488
99,2017-05-25,31.2549991607666,-0.00366597626363363
100,2017-05-26,31.46500015258789,0.0067189568856202975
101,2017-05-29,31.200000762939453,-0.008422036814344058
102,2017-05-30,31.209999084472656,0.00032045901566379875
103,2017-05-31,31.28499984741211,0.0024031004530458144
104,2017-06-01,31.5,0.006872307931485411
105,2017-06-02,31.649999618530277,0.004761892651754751
106,2017-06-05,31.450000762939453,-0.006319079241749126
107,2017-06-06,31.524999618530277,0.002384701232796216
108,2017-06-07,31.170000076293945,-0.011260889660016482
109,2017-06-08,31.09499931335449,-0.0024061842398421796
110,2017-06-09,31.03499984741211,-0.0019295535381025353
111,2017-06-12,30.450000762939453,-0.018849656431412454
112,2017-06-13,31.200000762939453,0.02463054125479114
113,2017-06-14,31.43000030517578,0.00737178001961869
114,2017-06-15,31.81999969482422,0.012408507345264441
115,2017-06-16,32.099998474121094,0.00879945889321987
116,2017-06-19,31.575000762939453,-0.01635506966160427
117,2017-06-20,31.674999237060547,0.0031670141474220426
118,2017-06-21,31.13999938964844,-0.016890287617943867
119,2017-06-22,31.040000915527344,-0.00321125485167284
120,2017-06-23,31.149999618530277,0.003543772543766588
121,2017-06-26,31.270000457763672,0.0038523544366919626
122,2017-06-27,31.0,-0.00863448844934811
123,2017-06-28,30.34499931335449,-0.02112905440791968
124,2017-06-29,30.0,-0.011369231213086861
125,2017-06-30,30.0,0.0
126,2017-07-03,30.32999992370605,0.010999997456868416
127,2017-07-04,31.399999618530277,0.0352785920710772
128,2017-07-05,32.29999923706055,0.028662408581659582
129,2017-07-06,33.095001220703125,0.024613065090429043
130,2017-07-07,33.23500061035156,0.004230227662323172
131,2017-07-10,33.7400016784668,0.015194856592177786
132,2017-07-11,34.0099983215332,0.008002271180642007
133,2017-07-12,33.83000183105469,-0.005292458081791573
134,2017-07-13,33.709999084472656,-0.0035472284979858326
135,2017-07-14,33.89500045776367,0.005488026648337474
136,2017-07-17,33.88999938964844,-0.00014754589313148436
137,2017-07-18,33.709999084472656,-0.005311310369358169
138,2017-07-19,33.79999923706055,0.002669835509706342
139,2017-07-20,33.755001068115234,-0.001331306803580401
140,2017-07-21,33.314998626708984,-0.013035177825008959
141,2017-07-24,33.2400016784668,-0.0022511466706789385
142,2017-07-25,33.2599983215332,0.0006015836960489018
143,2017-07-26,34.0,0.022248999272730163
144,2017-07-27,34.45000076293945,0.013235316557042687
145,2017-07-28,34.54499816894531,0.002757544380319832
146,2017-07-31,34.29999923706055,-0.007092168037947988
147,2017-08-01,34.32500076293945,0.0007289074762395487
148,2017-08-02,34.14500045776367,-0.0052440000342294235
149,2017-08-03,34.540000915527344,0.011568324863614476
150,2017-08-04,35.1349983215332,0.017226328611311015
151,2017-08-07,35.400001525878906,0.007542428262570677
152,2017-08-08,35.709999084472656,0.008756992803153674
153,2017-08-09,35.375,-0.009381100337757187
154,2017-08-10,34.875,-0.014134275618374548
155,2017-08-11,34.55500030517578,-0.00917561848958337
156,2017-08-14,34.994998931884766,0.012733283832241149
157,2017-08-15,34.89500045776367,-0.002857507563173045
158,2017-08-16,34.875,-0.0005731611262730363
159,2017-08-17,34.71500015258789,-0.00458780924479163
160,2017-08-18,34.790000915527344,0.002160471341200898
161,2017-08-21,34.33000183105469,-0.013222163620793426
162,2017-08-22,34.5,0.0049518834802837475
163,2017-08-23,34.16999816894531,-0.00956527046535327
164,2017-08-24,33.540000915527344,-0.018437146244582703
165,2017-08-25,33.79999923706055,0.007751887729163354
166,2017-08-28,33.70000076293945,-0.0029585348040910286
167,2017-08-29,33.20000076293945,-0.014836794916333051
168,2017-08-30,33.415000915527344,0.0064759080616616504
169,2017-08-31,33.79999923706055,0.011521721112816241
170,2017-09-01,33.73500061035156,-0.0019230363365723147
171,2017-09-04,33.06999969482422,-0.019712491581318936
172,2017-09-05,33.5,0.013002730848016286
173,2017-09-06,33.470001220703125,-0.0008954859491604461
174,2017-09-07,34.900001525878906,0.04272483576401087
175,2017-09-08,34.400001525878906,-0.01432664693808805
176,2017-09-11,34.494998931884766,0.0027615523776762796
177,2017-09-12,34.42499923706055,-0.002029270821618079
178,2017-09-13,34.435001373291016,0.00029054862606070486
179,2017-09-14,34.28499984741211,-0.004356077243988565
180,2017-09-15,35.415000915527344,0.03295905128027954
181,2017-09-18,35.45500183105469,0.0011294907381975694
182,2017-09-19,35.54999923706055,0.0026793795261534914
183,2017-09-20,35.255001068115234,-0.008298120260936015
184,2017-09-21,35.20500183105469,-0.0014182168641534432
185,2017-09-22,35.15999984741211,-0.001278283803493041
186,2017-09-25,35.755001068115234,0.016922674154872697
187,2017-09-26,35.33000183105469,-0.011886427754565054
188,2017-09-27,35.56999969482422,0.0067930328709628895
189,2017-09-28,35.595001220703125,0.0007028823754120506
190,2017-09-29,35.86000061035156,0.007444848449515096
191,2017-10-02,36.790000915527344,0.025934196579665558
192,2017-10-03,38.595001220703125,0.049062252249468585
193,2017-10-04,39.84999847412109,0.03251709324327612
194,2017-10-05,40.20500183105469,0.008908491104814953
195,2017-10-06,40.18000030517578,-0.0006218511314578512
196,2017-10-09,40.09999847412109,-0.0019910858747402838
197,2017-10-10,39.97499847412109,-0.0031172071011591473
198,2017-10-11,40.09999847412109,0.003126954465825005
199,2017-10-12,40.04999923706055,-0.0012468638145411992
200,2017-10-13,40.22999954223633,0.004494389727958348
201,2017-10-16,39.5,-0.01814565126877321
202,2017-10-17,39.625,0.0031645569620253333
203,2017-10-18,40.79499816894531,0.029526767670544185
204,2017-10-19,39.9900016784668,-0.019732725250893868
205,2017-10-20,40.5099983215332,0.01300316632260623
206,2017-10-23,40.650001525878906,0.003456016049037558
207,2017-10-24,40.54499816894531,-0.0025831083146884426
208,2017-10-25,40.2599983215332,-0.007029223339080071
209,2017-10-26,41.720001220703125,0.036264355688982564
210,2017-10-27,41.70000076293945,-0.0004793973436834076
211,2017-10-30,41.58000183105469,-0.0028776721748028367
212,2017-10-31,41.994998931884766,0.00998068981613498
213,2017-11-01,41.60499954223633,-0.009286805561800615
214,2017-11-02,40.025001525878906,-0.0379761575229306
215,2017-11-03,41.209999084472656,0.029606433814314048
216,2017-11-06,41.20000076293945,-0.00024261882444376326
217,2017-11-07,41.63999938964844,0.010679578120415423
218,2017-11-08,41.72999954223633,0.002161386981438529
219,2017-11-09,41.09999847412109,-0.015097078241699813
220,2017-11-10,40.83000183105469,-0.006569261632367374
221,2017-11-13,40.78499984741211,-0.0011021793197263374
222,2017-11-14,41.584999084472656,0.01961503592138203
223,2017-11-15,41.220001220703125,-0.008777152141523525
224,2017-11-16,42.06499862670898,0.020499693861761648
225,2017-11-17,43.084999084472656,0.024248199003055193
226,2017-11-20,43.93999862670898,0.01984448324021093
227,2017-11-21,43.9900016784668,0.0011379848275057114
228,2017-11-22,43.334999084472656,-0.01488980606960888
229,2017-11-23,43.0,-0.007730450941504485
230,2017-11-24,43.09999847412109,0.0023255459097926146
231,2017-11-27,43.095001220703125,-0.00011594555904592685
232,2017-11-28,42.994998931884766,-0.0023205078544078495
233,2017-11-29,41.915000915527344,-0.02511915439440804
234,2017-11-30,41.380001068115234,-0.012763923075900907
235,2017-12-01,41.32500076293945,-0.0013291518549080061
236,2017-12-04,41.68000030517578,0.00859043038553775
237,2017-12-05,41.130001068115234,-0.013195758949940517
238,2017-12-06,40.75,-0.00923902402739829
239,2017-12-07,40.81999969482422,0.0017177839220667845
240,2017-12-08,41.0,0.004409610644818374
241,2017-12-11,40.86000061035156,-0.003414619259717977
242,2017-12-12,38.21500015258789,-0.06473324567434247
243,2017-12-13,37.994998931884766,-0.0057569336602038
244,2017-12-14,39.04499816894531,0.027635195856773764
245,2017-12-15,38.0,-0.02676394462675269
246,2017-12-18,40.79999923706055,0.0736841904489618
247,2017-12-19,41.01499938964844,0.005269611681575581
248,2017-12-20,40.06499862670898,-0.023162276656749747
249,2017-12-21,40.15999984741211,0.0023711774356531823
250,2017-12-22,40.06499862670898,-0.002365568253587913
251,2017-12-27,40.70000076293945,0.01584929883929065
252,2017-12-28,40.61000061035156,-0.0022113059189384776
253,2017-12-29,40.66999816894531,0.001477408463235852
254,2018-01-02,40.63999938964844,-0.0007376144737518686
255,2018-01-03,41.13999938964844,0.012303149791073942
256,2018-01-04,41.97999954223633,0.02041808860112071
257,2018-01-05,41.77999877929688,-0.0047641916417417995
258,2018-01-08,42.36000061035156,0.013882284538076384
259,2018-01-09,42.7400016784668,0.00897075218696708
260,2018-01-10,42.619998931884766,-0.002807738462080822
261,2018-01-11,42.59999847412109,-0.00046927400903140626
262,2018-01-12,42.36000061035156,-0.0056337528724401675
263,2018-01-15,43.2400016784668,0.020774340307733397
264,2018-01-16,42.79999923706055,-0.010175819248993467
265,2018-01-17,43.540000915527344,0.017289759150884043
266,2018-01-18,44.20000076293945,0.015158471142262542
267,2018-01-19,45.540000915527344,0.03031674501036319
268,2018-01-22,46.15999984741211,0.013614381190611091
269,2018-01-23,46.09999847412109,-0.001299856444743619
270,2018-01-24,45.41999816894531,-0.014750549407447466
271,2018-01-25,44.459999084472656,-0.021136044103344576
272,2018-01-26,44.93999862670898,0.010796211248775167
273,2018-01-29,45.0,0.00133514408376878
274,2018-01-30,44.93999862670898,-0.0013333638509116508
275,2018-01-31,45.560001373291016,0.013796234212912317
276,2018-02-01,44.900001525878906,-0.014486387785734967
277,2018-02-02,44.2599983215332,-0.014253968431979347
278,2018-02-05,42.70000076293945,-0.03524621820500129
279,2018-02-06,42.09999847412109,-0.01405157559948167
280,2018-02-07,43.29999923706055,0.028503582100533942
281,2018-02-08,41.91999816894531,-0.03187069497530359
282,2018-02-09,41.15999984741211,-0.01812973174450705
283,2018-02-12,41.7400016784668,0.01409139536454962
284,2018-02-13,41.880001068115234,0.0033540820320729914
285,2018-02-14,42.43999862670898,0.01337147909053149
286,2018-02-15,42.84000015258789,0.009425106946803208
287,2018-02-16,44.880001068115234,0.047619068820290655
288,2018-02-19,42.5,-0.053030325567574366
289,2018-02-20,42.7400016784668,0.005647098316865717
290,2018-02-21,43.81999969482422,0.02526902138381404
291,2018-02-22,43.560001373291016,-0.005933325498491793
292,2018-02-23,42.79999923706055,-0.017447247756435247
293,2018-02-26,42.58000183105469,-0.005140126400174361
294,2018-02-27,42.0,-0.013621460923274986
295,2018-02-28,41.880001068115234,-0.0028571174258277265
296,2018-03-01,41.7599983215332,-0.002865395022002337
297,2018-03-02,41.63999938964844,-0.002873537756415301
298,2018-03-05,42.0,0.008645547925753672
299,2018-03-06,41.08000183105469,-0.021904718308221716
300,2018-03-07,41.70000076293945,0.015092475760701385
301,2018-03-08,42.7400016784668,0.0249400694604216
302,2018-03-09,43.380001068115234,0.014974248116861544
303,2018-03-12,43.34000015258789,-0.0009221049917572666
304,2018-03-13,43.77999877929688,0.01015225254176011
305,2018-03-14,43.060001373291016,-0.016445806899984317
306,2018-03-15,43.43999862670898,0.00882483142821422
307,2018-03-16,42.31999969482422,-0.0257826649929066
308,2018-03-19,42.52000045776367,0.004725915982554119
309,2018-03-20,43.959999084472656,0.033866383142196144
310,2018-03-21,43.13999938964844,-0.01865331464744857
311,2018-03-22,42.7599983215332,-0.008808555250151784
312,2018-03-23,42.65999984741211,-0.0023385986446762264
313,2018-03-26,41.58000183105469,-0.025316409287866826
314,2018-03-27,42.52000045776367,0.022606988583798726
315,2018-03-28,42.0,-0.012229549674633744
316,2018-03-29,41.2599983215332,-0.017619087582542825
317,2018-04-03,40.7400016784668,-0.012602924484246159
318,2018-04-04,40.09999847412109,-0.015709454540449475
319,2018-04-05,41.400001525878906,0.03241902995574408
320,2018-04-06,41.63999938964844,0.005797049635843932
321,2018-04-09,41.09999847412109,-0.01296832188863084
322,2018-04-10,41.13999938964844,0.0009732583214701052
323,2018-04-11,40.560001373291016,-0.014098153256253076
324,2018-04-12,40.5,-0.0014793237490008382
325,2018-04-13,40.93999862670898,0.010864163622443801
326,2018-04-16,40.86000061035156,-0.0019540307533186807
327,2018-04-17,40.81999969482422,-0.0009789749126242198
328,2018-04-18,41.18000030517578,0.008819221289636747
329,2018-04-19,40.86000061035156,-0.007770755037706967
330,2018-04-20,40.77999877929688,-0.0019579498252482175
331,2018-04-23,40.47999954223633,-0.007356528838663334
332,2018-04-24,40.36000061035156,-0.0029644005247470018
333,2018-04-25,41.08000183105469,0.01783947497063365
334,2018-04-26,41.09999847412109,0.0004867731785562768
335,2018-04-27,41.5,0.009732397584656383
336,2018-04-30,41.77999877929688,0.006746958537274361
337,2018-05-02,41.540000915527344,-0.005744324336564244
338,2018-05-03,41.18000030517578,-0.008666360193001266
339,2018-05-04,41.2400016784668,0.001457051307585111
340,2018-05-07,42.59999847412109,0.0329776125194583
341,2018-05-08,42.0,-0.01408447172798788
342,2018-05-09,42.18000030517578,0.0042857215518044
343,2018-05-10,42.52000045776367,0.008060695830440112
344,2018-05-11,42.720001220703125,0.004703686754145675
345,2018-05-14,43.41999816894531,0.016385695885770435
346,2018-05-15,44.34000015258789,0.02118843902440748
347,2018-05-16,47.93999862670898,0.08119076368363465
348,2018-05-17,48.41999816894531,0.010012506382695463
349,2018-05-18,49.959999084472656,0.03180505935076727
350,2018-05-21,49.7599983215332,-0.004003217906415335
351,2018-05-22,49.18000030517578,-0.011655909082023297
352,2018-05-23,49.43999862670898,0.005286667749488272
353,2018-05-24,50.04999923706055,0.01233820039028144
354,2018-05-25,50.54999923706055,0.00999001014229317
355,2018-05-28,50.400001525878906,-0.0029673138169242774
356,2018-05-29,48.880001068115234,-0.030158738328275536
357,2018-05-30,47.5,-0.028232427126836157
358,2018-05-31,49.36000061035156,0.03915790758634863
359,2018-06-01,49.63999938964844,0.005672584599566433
360,2018-06-04,49.959999084472656,0.00644640811359376
361,2018-06-05,50.34999847412109,0.007806232922242806
362,2018-06-06,50.54999923706055,0.003972209910636959
363,2018-06-07,49.86000061035156,-0.01364982467107767
364,2018-06-08,50.25,0.007821888986649261
365,2018-06-11,50.34999847412109,0.001990019385494257
366,2018-06-12,50.75,0.007944419821273696
367,2018-06-13,51.150001525878906,0.007881803465594306
368,2018-06-14,53.20000076293945,0.04007818525720608
369,2018-06-15,55.0,0.03383457163997772
370,2018-06-18,53.34999847412109,-0.030000027743252944
371,2018-06-19,53.84999847412109,0.009372071495794776
372,2018-06-20,52.34999847412109,-0.027855153992638715
373,2018-06-21,51.95000076293945,-0.007640835202304186
374,2018-06-22,52.79999923706055,0.01636185681690061
375,2018-06-25,49.58000183105469,-0.06098480023737818
376,2018-06-26,48.70000076293945,-0.017749113263728078
377,2018-06-27,49.27999877929688,0.011909610005567117
378,2018-06-28,49.380001068115234,0.002029267274664903
379,2018-06-29,48.52000045776367,-0.0174159698612657
380,2018-07-02,48.59999847412109,0.0016487637181095138
381,2018-07-03,49.41999816894531,0.016872422233940254
382,2018-07-04,48.31999969482422,-0.022258165011675657
383,2018-07-05,49.68000030517578,0.02814570817344686
384,2018-07-06,49.97999954223633,0.006038631948826589
385,2018-07-09,50.54999923706055,0.011404555823225415
386,2018-07-10,49.959999084472656,-0.011671615459794782
387,2018-07-11,49.29999923706055,-0.013210565642648997
388,2018-07-12,50.59999847412109,0.026369153289626857
389,2018-07-13,52.150001525878906,0.030632472302356994
390,2018-07-16,52.70000076293945,0.010546485541090833
391,2018-07-17,53.20000076293945,0.009487665896802389
392,2018-07-18,52.29999923706055,-0.016917321672406227
393,2018-07-19,51.650001525878906,-0.012428254697201657
394,2018-07-20,51.09999847412109,-0.01064865509214441
395,2018-07-23,53.0,0.03718202705702911
396,2018-07-24,53.0,0.0
397,2018-07-25,53.29999923706055,0.00566036296340644
398,2018-07-26,53.150001525878906,-0.002814216009919601
399,2018-07-27,52.70000076293945,-0.00846661806247262
400,2018-07-30,51.5,-0.022770412629354975
401,2018-07-31,51.0,-0.009708737864077666
402,2018-08-01,50.150001525878906,-0.016666636747472374
403,2018-08-02,49.93999862670898,-0.004187495369497918
404,2018-08-03,49.84000015258789,-0.0020023723842796937
405,2018-08-06,50.400001525878906,0.011235982575773296
406,2018-08-07,50.04999923706055,-0.0069444896472601325
407,2018-08-08,49.29999923706055,-0.014985015213439756
408,2018-08-09,50.45000076293945,0.0233266033199937
409,2018-08-10,50.150001525878906,-0.005946466452403376
410,2018-08-13,50.34999847412109,0.0039879749183850954
411,2018-08-14,50.45000076293945,0.001986142837119731
412,2018-08-15,50.09999847412109,-0.006937607205656948
413,2018-08-16,50.400001525878906,0.005988085047802683
414,2018-08-17,50.400001525878906,0.0
415,2018-08-20,51.75,0.02678568319939245
416,2018-08-21,51.09999847412109,-0.012560415959012805
417,2018-08-22,52.25,0.022504922900561608
418,2018-08-23,53.0,0.014354066985645897
419,2018-08-24,52.84999847412109,-0.0028302174694134763
420,2018-08-27,53.79999923706055,0.017975417036287133
421,2018-08-28,53.09999847412109,-0.013011166781899508
422,2018-08-29,52.79999923706055,-0.005649703308499121
423,2018-08-30,52.04999923706055,-0.014204545659795564
424,2018-08-31,52.400001525878906,0.006724347626294591
425,2018-09-03,53.0,0.011450352226130667
426,2018-09-04,51.79999923706055,-0.022641523829046273
427,2018-09-05,49.09999847412109,-0.05212356761981829
428,2018-09-06,49.52000045776367,0.008554012152647061
429,2018-09-07,49.91999816894531,0.008077498131745964
430,2018-09-10,50.09999847412109,0.0036057754763250127
431,2018-09-11,50.79999923706055,0.013972071542098785
432,2018-09-12,52.95000076293945,0.04232286531828122
433,2018-09-13,53.20000076293945,0.0047214352483064825
434,2018-09-14,52.84999847412109,-0.006578990296973619
435,2018-09-17,52.25,-0.011352856980968218
436,2018-09-18,52.5,0.004784688995215225
437,2018-09-19,52.5,0.0
438,2018-09-20,52.29999923706055,-0.003809538341703833
439,2018-09-21,52.5,0.0038241064217401366
440,2018-09-24,54.5,0.03809523809523818
441,2018-09-25,55.650001525878906,0.021100945428970785
442,2018-09-26,56.25,0.010781643444197853
443,2018-09-27,55.09999847412109,-0.020444471571180678
444,2018-09-28,55.150001525878906,0.0009074964272695052
445,2018-10-01,55.70000076293945,0.009972787340766676
446,2018-10-02,53.29999923706055,-0.04308799807909103
447,2018-10-03,50.400001525878906,-0.0544089634651479
448,2018-10-04,49.79999923706055,-0.011904806957402148
449,2018-10-05,49.400001525878906,-0.008032082676900254
450,2018-10-08,46.619998931884766,-0.05627535441548104
451,2018-10-09,46.5,-0.0025739797218805593
452,2018-10-10,44.880001068115234,-0.03483868670719925
453,2018-10-11,44.720001220703125,-0.0035650589038372926
454,2018-10-12,44.13999938964844,-0.012969629141829642
455,2018-10-15,43.540000915527344,-0.013593078441722972
456,2018-10-16,45.5,0.04501605519658303
457,2018-10-17,45.459999084472656,-0.0008791410006009359
458,2018-10-18,45.09999847412109,-0.007919063299641205
459,2018-10-19,44.5,-0.01330373601820345
460,2018-10-22,44.58000183105469,0.0017977939562852097
461,2018-10-23,45.08000183105469,0.01121579137423212
462,2018-10-24,44.18000030517578,-0.019964540579475165
463,2018-10-25,46.5,0.05251244180169068
464,2018-10-26,46.36000061035156,-0.003010739562331999
465,2018-10-29,46.7400016784668,0.008196744243147869
466,2018-10-30,45.0,-0.03722724895126439
467,2018-10-31,46.5,0.03333333333333344
468,2018-11-01,47.060001373291016,0.012043040285828255
469,2018-11-02,47.70000076293945,0.013599646641992535
470,2018-11-05,47.220001220703125,-0.010062883324087113
471,2018-11-06,47.59999847412109,0.008047379152784861
472,2018-11-07,48.459999084472656,0.01806724029243667
473,2018-11-08,49.09999847412109,0.01320675612339195
474,2018-11-09,48.060001373291016,-0.021181204341141013
475,2018-11-12,47.09999847412109,-0.01997509096417638
476,2018-11-13,47.959999084472656,0.018259036904727077
477,2018-11-14,47.09999847412109,-0.017931622743295628
478,2018-11-15,46.459999084472656,-0.013588097884972838
479,2018-11-16,47.2400016784668,0.016788691548959234
480,2018-11-19,46.68000030517578,-0.011854389360580364
481,2018-11-20,43.34000015258789,-0.07155098823376738
482,2018-11-21,43.560001373291016,0.00507617027984697
483,2018-11-22,43.52000045776367,-0.0009182946342116693
484,2018-11-23,44.119998931884766,0.013786729499311257
485,2018-11-26,45.5,0.03127835678885149
486,2018-11-27,45.459999084472656,-0.0008791410006009359
487,2018-11-28,46.43999862670898,0.021557403474982806
488,2018-11-29,47.15999984741211,0.015503902713059903
489,2018-11-30,47.13999938964844,-0.00042409791832875854
490,2018-12-03,48.560001373291016,0.030123080229704113
491,2018-12-04,47.59999847412109,-0.019769416639636828
492,2018-12-05,46.5,-0.023109212381994704
493,2018-12-06,45.58000183105469,-0.019784906859038998
494,2018-12-07,45.380001068115234,-0.004387905987383922
495,2018-12-10,44.7400016784668,-0.014103115350037165
496,2018-12-11,46.08000183105469,0.029950829287358482
497,2018-12-12,47.20000076293945,0.024305531410156345
498,2018-12-13,47.7400016784668,0.011440697177940384
499,2018-12-14,46.13999938964844,-0.033514918989624665
500,2018-12-17,43.0,-0.0680537371301505
501,2018-12-18,43.20000076293945,0.004651180533475685
502,2018-12-19,42.84000015258789,-0.008333347314669504
503,2018-12-20,41.400001525878906,-0.03361341320214717
504,2018-12-21,40.59999847412109,-0.019323744499326723
505,2018-12-24,40.58000183105469,-0.0004925281728556108
506,2018-12-27,40.13999938964844,-0.01084283936797481
507,2018-12-28,41.59999847412109,0.03637267331023342
508,2018-12-31,42.20000076293945,0.014423132471786504
509,2019-01-02,41.619998931884766,-0.013744118970823616
510,2019-01-03,39.0,-0.06295048051713437
511,2019-01-04,39.70000076293945,0.01794873751126813
512,2019-01-07,38.91999816894531,-0.019647420126054138
513,2019-01-08,40.27999877929688,0.034943491118576864
514,2019-01-09,42.79999923706055,0.06256207880172271
515,2019-01-10,41.900001525878906,-0.02102798428095143
516,2019-01-11,42.20000076293945,0.007159886065284615
517,2019-01-14,40.02000045776367,-0.05165877407021957
518,2019-01-15,40.060001373291016,0.0009995231151873618
519,2019-01-16,42.91999816894531,0.07139282819798232
520,2019-01-17,43.20000076293945,0.006523825860662136
521,2019-01-18,44.93999862670898,0.040277727616667924
522,2019-01-21,44.86000061035156,-0.0017801072274592489
523,2019-01-22,46.0,0.02541238016357439
524,2019-01-23,47.0,0.021739130434782705
525,2019-01-24,46.59999847412109,-0.00851067076338119
526,2019-01-25,47.86000061035156,0.027038673336656993
527,2019-01-28,46.540000915527344,-0.02758043623047335
528,2019-01-29,47.5,0.02062739719784501
529,2019-01-30,45.400001525878906,-0.04421049419202305
530,2019-01-31,46.81999969482422,0.031277491656820366
531,2019-02-01,48.7599983215332,0.04143525500542555
532,2019-02-04,50.29999923706055,0.03158328483467665
533,2019-02-05,52.25,0.03876741138204065
534,2019-02-06,52.20000076293945,-0.0009569231973310943
535,2019-02-07,50.84999847412109,-0.025862112434619555
536,2019-02-08,49.13999938964844,-0.03362830158869945
537,2019-02-11,51.25,0.04293855589253526
538,2019-02-12,51.20000076293945,-0.0009755948694740724
539,2019-02-13,50.5,-0.013671889697434159
540,2019-02-14,53.04999923706055,0.05049503439723857
541,2019-02-15,53.09999847412109,0.0009424927008407913
542,2019-02-18,54.400001525878906,0.0244821674032889
543,2019-02-19,52.70000076293945,-0.03125001314808307
544,2019-02-20,51.59999847412109,-0.020872908404053203
545,2019-02-21,49.97999954223633,-0.03139532906570208
546,2019-02-22,49.63999938964844,-0.006802724203720079
547,2019-02-25,49.41999816894531,-0.004431934395813131
548,2019-02-26,48.58000183105469,-0.01699709366679958
549,2019-02-27,49.09999847412109,0.0107039239083353
550,2019-02-28,49.31999969482422,0.004480676731977606
551,2019-03-01,49.7400016784668,0.008515855357692947
552,2019-03-04,50.0,0.0052271474217855385
553,2019-03-05,50.34999847412109,0.006999969482421653
554,2019-03-06,50.54999923706055,0.003972209910636959
555,2019-03-07,50.400001525878906,-0.0029673138169242774
556,2019-03-08,50.25,-0.0029762206614594167
557,2019-03-11,51.70000076293945,0.028855736575909452
558,2019-03-12,50.900001525878906,-0.015473872828915214
559,2019-03-13,49.91999816894531,-0.019253503488312007
560,2019-03-14,49.900001525878906,-0.00040057379406810423
561,2019-03-15,50.04999923706055,0.0030059660640260333
562,2019-03-18,50.34999847412109,0.005993990841830055
563,2019-03-19,51.84999847412109,0.02979146068437255
564,2019-03-20,52.25,0.0077145908900759785
565,2019-03-21,52.70000076293945,0.008612454793099689
566,2019-03-22,52.45000076293945,-0.004743832948401194
567,2019-03-25,51.95000076293945,-0.009532888326539202
568,2019-03-26,52.75,0.015399407609465454
569,2019-03-27,52.900001525878906,0.0028436308223489526
570,2019-03-28,52.900001525878906,0.0
571,2019-03-29,52.79999923706055,-0.0018904023806017856
572,2019-04-01,53.54999923706055,0.014204545659795675
573,2019-04-02,53.34999847412109,-0.0037348415646857314
574,2019-04-03,55.84999847412109,0.046860357478973436
575,2019-04-04,54.95000076293945,-0.01611455211764523
576,2019-04-05,54.20000076293945,-0.013648771421052142
577,2019-04-08,53.900001525878906,-0.005535041196266577
578,2019-04-09,52.04999923706055,-0.034322861529607174
579,2019-04-10,52.650001525878906,0.011527421664036197
580,2019-04-11,55.59999847412109,0.05603032977676503
581,2019-04-12,56.70000076293945,0.01978421437062372
582,2019-04-15,56.45000076293945,-0.004409171016509172
583,2019-04-16,55.29999923706055,-0.020372037384167818
584,2019-04-17,54.29999923706055,-0.01808318288962696
585,2019-04-18,54.25,-0.0009207962755627408
586,2019-04-23,55.650001525878906,0.025806479739703292
587,2019-04-24,58.29999923706055,0.04761900518456064
588,2019-04-25,56.0,-0.03945110235264748
589,2019-04-26,56.150001525878906,0.002678598676409072
590,2019-04-29,56.59999847412109,0.008014192983321289
591,2019-04-30,56.150001525878906,-0.007950476331689882
592,2019-05-02,55.75,-0.007123802582526206
593,2019-05-03,54.400001525878906,-0.02421521926674608
594,2019-05-06,54.75,0.006433795299704004
595,2019-05-07,52.04999923706055,-0.049315082428117885
596,2019-05-08,52.04999923706055,0.0
597,2019-05-09,50.79999923706055,-0.024015370188708474
598,2019-05-10,51.70000076293945,0.01771656573613334
599,2019-05-13,50.59999847412109,-0.021276639701848676
600,2019-05-14,51.20000076293945,0.011857753101024882
601,2019-05-15,51.59999847412109,0.007812455180101541
602,2019-05-16,52.5,0.017441890552192474
603,2019-05-17,51.5,-0.01904761904761909
604,2019-05-20,50.95000076293945,-0.01067959683612707
605,2019-05-21,51.25,0.005888110550898329
606,2019-05-22,52.29999923706055,0.02048778999142531
607,2019-05-23,50.09999847412109,-0.04206502476161622
608,2019-05-24,51.5,0.027944143084197348
609,2019-05-27,51.5,0.0
610,2019-05-28,52.79999923706055,0.02524270363224357
611,2019-05-29,52.45000076293945,-0.006628759075349211
612,2019-05-30,53.150001525878906,0.013346058203188127
613,2019-05-31,53.900001525878906,0.014111006180024699
614,2019-06-03,54.59999847412109,0.012986956000476058
615,2019-06-04,54.150001525878906,-0.008241702579084631
616,2019-06-05,58.04999923706055,0.07202211636721345
617,2019-06-06,56.900001525878906,-0.01981046901457073
618,2019-06-07,58.84999847412109,0.034270595710885754
619,2019-06-10,59.0,0.002548879010504601
620,2019-06-11,59.5,0.008474576271186418
621,2019-06-12,60.75,0.021008403361344463
622,2019-06-13,61.150001525878906,0.006584387257265956
623,2019-06-14,61.0,-0.0024530093562700195
624,2019-06-17,61.09999847412109,0.001639319247886739
625,2019-06-18,62.20000076293945,0.018003311232229757
626,2019-06-19,62.70000076293945,0.008038585110402563
627,2019-06-20,63.150001525878906,0.007177045573585339
628,2019-06-21,63.25,0.0015835070737111323
629,2019-06-24,62.59999847412109,-0.010276703966465073
630,2019-06-25,62.84999847412109,0.0039936103209867735
631,2019-06-26,63.0,0.0023866591809176274
632,2019-06-27,63.29999923706055,0.004761892651754751
633,2019-06-28,64.0,0.01105846400278665
634,2019-07-01,63.84999847412109,-0.002343773841858021
635,2019-07-02,63.84999847412109,0.0
636,2019-07-03,64.0,0.002349280022923006
637,2019-07-04,63.400001525878906,-0.00937497615814209
638,2019-07-05,63.150001525878906,-0.00394321757071181
639,2019-07-08,62.79999923706055,-0.005542395571834335
640,2019-07-09,62.79999923706055,0.0
641,2019-07-10,63.0,0.0031847255632038163
642,2019-07-11,63.09999847412109,0.0015872773670013718
643,2019-07-12,63.150001525878906,0.0007924414099365062
644,2019-07-15,64.25,0.017418819438512756
645,2019-07-16,64.55000305175781,0.0046693081985651474
646,2019-07-17,64.8499984741211,0.00464748889512423
647,2019-07-18,64.4000015258789,-0.006939043312726767
648,2019-07-19,64.44999694824219,0.0007763264158182626
649,2019-07-22,64.5,0.0007758425775872269
650,2019-07-23,65.25,0.011627906976744207
651,2019-07-24,65.6500015258789,0.0061302915843510775
652,2019-07-25,64.9000015258789,-0.011424219079482434
653,2019-07-26,64.55000305175781,-0.005392888534548557
654,2019-07-29,65.94999694824219,0.02168851789769599
655,2019-07-30,65.55000305175781,-0.0060651086428145096
656,2019-07-31,64.80000305175781,-0.011441647064574623
657,2019-08-01,65.19999694824219,0.006172745025411208
658,2019-08-02,63.20000076293945,-0.030674789553907456
659,2019-08-05,60.54999923706055,-0.04193040338431242
660,2019-08-06,61.0,0.0074318871776966056
661,2019-08-07,62.09999847412109,0.018032761870837577
662,2019-08-08,63.25,0.01851854354486271
663,2019-08-09,61.900001525878906,-0.021343849393218872
664,2019-08-12,61.20000076293945,-0.011308574243682368
665,2019-08-13,61.650001525878906,0.007352953551137187
666,2019-08-14,60.04999923706055,-0.025952996743182966
667,2019-08-15,60.09999847412109,0.0008326267726193048
668,2019-08-16,61.75,0.02745426901448922
669,2019-08-19,63.20000076293945,0.023481793731813028
670,2019-08-20,62.79999923706055,-0.006329137991299971
671,2019-08-21,64.5,0.027070076171851642
672,2019-08-22,62.20000076293945,-0.03565890290016349
673,2019-08-23,61.70000076293945,-0.008038585110402674
674,2019-08-26,61.5,-0.0032415034111245022
675,2019-08-27,61.59999847412109,0.001625991449123454
676,2019-08-28,60.95000076293945,-0.010551911157184568
677,2019-08-29,61.45000076293945,0.008203445344401539
678,2019-08-30,62.79999923706055,0.02196905544930905
679,2019-09-02,62.25,-0.008757949741119986
680,2019-09-03,61.400001525878906,-0.013654593961784589
681,2019-09-04,61.95000076293945,0.008957642074792771
682,2019-09-05,62.59999847412109,0.010492295450793332
683,2019-09-06,63.150001525878906,0.008785991456296882
684,2019-09-09,60.75,-0.03800477383829337
685,2019-09-10,57.54999923706055,-0.05267490967801569
686,2019-09-11,59.09999847412109,0.026933088750805467
687,2019-09-12,59.79999923706055,0.011844344856387412
688,2019-09-13,58.0,-0.03010032207400115
689,2019-09-16,58.400001525878906,0.006896578032394851
690,2019-09-17,60.04999923706055,0.028253384727232822
691,2019-09-18,60.0,-0.0008326267726193048
692,2019-09-19,61.25,0.02083333333333326
693,2019-09-20,61.09999847412109,-0.0024490045041455355
694,2019-09-23,59.75,-0.02209490192856356
695,2019-09-24,59.34999847412109,-0.0066945862071784434
696,2019-09-25,58.95000076293945,-0.006739641473723856
697,2019-09-26,58.59999847412109,-0.005937273694462841
698,2019-09-27,58.45000076293945,-0.002559687970774882
699,2019-09-30,57.900001525878906,-0.009409738749041718
700,2019-10-01,57.09999847412109,-0.013816978077284658
701,2019-10-02,56.45000076293945,-0.011383497873055592
702,2019-10-03,56.25,-0.003542971837668385
703,2019-10-04,58.04999923706055,0.031999986436632044
704,2019-10-07,58.70000076293945,0.01119727018814376
705,2019-10-08,57.25,-0.0247018866114721
706,2019-10-09,57.95000076293945,0.012227087562261207
707,2019-10-10,58.45000076293945,0.008628127582696488
708,2019-10-11,57.900001525878906,-0.009409738749041718
709,2019-10-14,57.400001525878906,-0.00863557835618567
710,2019-10-15,58.650001525878906,0.021777002905416953
711,2019-10-16,58.09999847412109,-0.009377715898526207
712,2019-10-17,58.20000076293945,0.0017212098355374739
713,2019-10-18,58.29999923706055,0.001718186818045142
714,2019-10-21,58.5,0.0034305448637521607
715,2019-10-22,59.29999923706055,0.013675200633513684
716,2019-10-23,57.70000076293945,-0.02698142486857147
717,2019-10-24,56.84999847412109,-0.014731408623556264
718,2019-10-25,57.34999847412109,0.008795074994199181
719,2019-10-28,56.150001525878906,-0.02092409730025835
720,2019-10-29,55.79999923706055,-0.00623334424411448
721,2019-10-30,53.900001525878906,-0.03405013865877837
722,2019-10-31,54.45000076293945,0.010204067189060861
723,2019-11-01,53.59999847412109,-0.015610693790787056
724,2019-11-04,54.75,0.021455252959272864
725,2019-11-05,54.79999923706055,0.0009132280741652732
726,2019-11-06,55.150001525878906,0.006386903169547153
727,2019-11-07,54.900001525878906,-0.004533091443029047
728,2019-11-08,55.09999847412109,0.003642931560719598
729,2019-11-11,55.150001525878906,0.0009074964272695052
730,2019-11-12,54.650001525878906,-0.009066182886058094
731,2019-11-13,55.150001525878906,0.009149130577118747
732,2019-11-14,55.0,-0.0027198825336118837
733,2019-11-15,55.400001525878906,0.007272755015980126
734,2019-11-18,55.0,-0.0072202439505719695
735,2019-11-19,55.400001525878906,0.007272755015980126
736,2019-11-20,55.150001525878906,-0.004512635254770081
737,2019-11-21,55.150001525878906,0.0
738,2019-11-22,55.84999847412109,0.012692600704892198
739,2019-11-25,56.20000076293945,0.006266827186764301
740,2019-11-26,57.84999847412109,0.0293593894801103
741,2019-11-27,58.84999847412109,0.017286085157760978
742,2019-11-28,58.650001525878906,-0.003398418919758006
743,2019-11-29,58.75,0.0017050037769730242
744,2019-12-02,57.20000076293945,-0.02638296573720078
745,2019-12-03,57.54999923706055,0.006118854361062631
746,2019-12-04,57.54999923706055,0.0
747,2019-12-05,57.59999847412109,0.0008687964852021057
748,2019-12-06,58.5,0.015625026904875217
749,2019-12-09,57.79999923706055,-0.011965825007511977
750,2019-12-10,57.59999847412109,-0.003460220857775087
751,2019-12-11,57.75,0.002604193226607654
752,2019-12-12,58.150001525878906,0.006926433348552585
753,2019-12-13,60.25,0.03611347238205176
754,2019-12-16,61.54999923706055,0.021576750822581703
755,2019-12-17,62.150001525878906,0.009748209524868434
756,2019-12-18,61.5,-0.010458592275468415
757,2019-12-19,62.400001525878906,0.01463417115250265
758,2019-12-20,64.0,0.02564100056083385
759,2019-12-23,64.25,0.00390625
760,2019-12-24,63.79999923706055,-0.0070039029251276474
761,2019-12-25,63.79999923706055,0.0
762,2019-12-27,63.70000076293945,-0.0015673742212680697
763,2019-12-30,63.45000076293945,-0.0039246467347838765
764,2019-12-31,63.150001525878906,-0.004728120306592198
765,2020-01-02,64.25,0.017418819438512756
766,2020-01-03,64.5999984741211,0.005447447068032574
767,2020-01-06,64.44999694824219,-0.002322005099411828
768,2020-01-07,65.19999694824219,0.011636928402064983
769,2020-01-08,65.9000015258789,0.010736267030693414
770,2020-01-09,65.5,-0.006069825745327551
771,2020-01-10,65.1500015258789,-0.00534348815452057
772,2020-01-13,65.0999984741211,-0.0007675065324127539
773,2020-01-14,64.44999694824219,-0.009984662689927704
774,2020-01-15,65.19999694824219,0.011636928402064983
775,2020-01-16,65.80000305175781,0.009202548030668334
776,2020-01-17,65.25,-0.008358708605608833
777,2020-01-20,65.44999694824219,0.0030650873293822656
778,2020-01-21,65.5999984741211,0.0022918492417582925
779,2020-01-22,66.0,0.006097584377790843
780,2020-01-23,65.5999984741211,-0.006060629179983401
781,2020-01-24,67.5999984741211,0.030487805587205763
782,2020-01-27,66.0,-0.023668617015333404
783,2020-01-28,66.25,0.0037878787878788955
784,2020-01-29,65.44999694824219,-0.012075517762382026
785,2020-01-30,64.80000305175781,-0.009931152433794499
786,2020-01-31,63.75,-0.016203750035615583
787,2020-02-03,64.05000305175781,0.004705930223652066
788,2020-02-04,63.59999847412109,-0.0070258322591035816
789,2020-02-05,67.1500015258789,0.05581765938567318
790,2020-02-06,69.3499984741211,0.032762425886086355
791,2020-02-07,70.30000305175781,0.013698696446132308
792,2020-02-10,71.75,0.020625844741068322
793,2020-02-11,73.0,0.017421602787456525
794,2020-02-12,73.19999694824219,0.0027396842224958196
795,2020-02-13,73.05000305175781,-0.00204909703193612
796,2020-02-14,73.94999694824219,0.01232024447482516
797,2020-02-17,75.05000305175781,0.014874998633002345
798,2020-02-18,76.19999694824219,0.015323035972314214
799,2020-02-19,77.5,0.017060408186641007
800,2020-02-20,75.44999694824219,-0.026451652280745974
801,2020-02-21,74.8499984741211,-0.007952266380245043
802,2020-02-24,72.8499984741211,-0.026720107425138973
803,2020-02-25,72.25,-0.00823608080560545
804,2020-02-26,73.30000305175781,0.014532914211180747
805,2020-02-27,71.44999694824219,-0.02523882710085723
806,2020-02-28,68.8499984741211,-0.036389063473361793
807,2020-03-02,70.5999984741211,0.025417575000495907
808,2020-03-03,71.30000305175781,0.009915079217647671
809,2020-03-04,71.44999694824219,0.0021037011229227964
810,2020-03-05,69.19999694824219,-0.03149055417916791
811,2020-03-06,66.05000305175781,-0.04552014502024326
812,2020-03-09,61.29999923706055,-0.07191527017758181
813,2020-03-10,60.09999847412109,-0.019575869133355073
814,2020-03-11,58.70000076293945,-0.0232944716593374
815,2020-03-12,52.650001525878906,-0.10306642518615172
816,2020-03-13,52.29999923706055,-0.0066477165940123095
817,2020-03-16,44.900001525878906,-0.1414913540942826
818,2020-03-17,44.77999877929688,-0.0026726668709099455
819,2020-03-18,39.880001068115234,-0.10942380180338596
820,2020-03-19,39.0,-0.022066224788013122
821,2020-03-20,47.5,0.21794871794871784
822,2020-03-23,48.36000061035156,0.018105276007401416
823,2020-03-24,52.400001525878906,0.08354013367532032
824,2020-03-25,56.45000076293945,0.07729005952529144
825,2020-03-26,56.59999847412109,0.0026571781958257823
826,2020-03-27,53.75,-0.05035333128894304
827,2020-03-30,54.04999923706055,0.005581381154614817
828,2020-03-31,53.70000076293945,-0.006475457521951444
829,2020-04-01,51.65999984741211,-0.037988843324844646
830,2020-04-02,52.20000076293945,0.010452979425519482
831,2020-04-03,50.29999923706055,-0.03639849613235746
832,2020-04-06,55.0,0.09343938040214805
833,2020-04-07,56.81999969482422,0.03309090354225863
834,2020-04-08,59.459999084472656,0.04646250270728025
835,2020-04-09,62.0,0.042717809529711825
836,2020-04-14,61.41999816894531,-0.009354868242817505
837,2020-04-15,56.52000045776367,-0.07977853886780373
838,2020-04-16,56.5,-0.0003538651380340374
839,2020-04-17,60.34000015258789,0.06796460447058217
840,2020-04-20,60.13999938964844,-0.0033145635139822938
841,2020-04-21,57.880001068115234,-0.03757895484651774
842,2020-04-22,59.97999954223633,0.03628193564906357
843,2020-04-23,63.400001525878906,0.057019039842344466
844,2020-04-24,64.68000030517578,0.020189254708052218
845,2020-04-27,63.97999954223633,-0.010822522567048298
846,2020-04-28,62.77999877929688,-0.018755873265476786
847,2020-04-29,63.0,0.0035043202449960287
848,2020-04-30,61.97999954223633,-0.016190483456566263
849,2020-05-04,59.880001068115234,-0.03388187301760215
850,2020-05-05,62.220001220703125,0.0390781581637929
851,2020-05-06,62.27999877929688,0.0009642808970853345
852,2020-05-07,65.5,0.051702011621964195
853,2020-05-08,66.13999938964844,0.009770983048067672
854,2020-05-11,66.77999877929688,0.009676434767984077
855,2020-05-12,66.0,-0.011680125689650156
856,2020-05-13,64.68000030517578,-0.019999995376124513
857,2020-05-14,62.84000015258789,-0.028447744958353893
858,2020-05-15,63.619998931884766,0.012412456674138816
859,2020-05-18,66.72000122070312,0.04872685226130535
860,2020-05-19,64.30000305175781,-0.036270955105953906
861,2020-05-20,64.4800033569336,0.0027993825292806918
862,2020-05-21,63.0,-0.022952904464674573
863,2020-05-22,64.68000030517578,0.02666667151072666
864,2020-05-25,67.41999816894531,0.04236236627769885
865,2020-05-26,66.4800033569336,-0.013942373739854186
866,2020-05-27,62.880001068115234,-0.05415165624300311
867,2020-05-28,65.0,0.033714995163378836
868,2020-05-29,67.12000274658203,0.03261542687049279
869,2020-06-01,68.4800033569336,0.020262225189208838
870,2020-06-02,69.19999694824219,0.010513924591326607
871,2020-06-03,70.73999786376953,0.022254349471708457
872,2020-06-04,71.81999969482422,0.015267201917853468
873,2020-06-05,70.18000030517578,-0.02283485653880646
874,2020-06-08,67.45999908447266,-0.03875749798910333
875,2020-06-09,67.5999984741211,0.002075294864340771
876,2020-06-10,68.95999908447266,0.020118352678250462
877,2020-06-11,67.77999877929688,-0.017111373562089804
878,2020-06-12,67.80000305175781,0.0002951353322693251
879,2020-06-15,69.08000183105469,0.018879037192959025
880,2020-06-16,69.0199966430664,-0.0008686332715368561
881,2020-06-17,72.05999755859375,0.04404521969551167
882,2020-06-18,72.5999984741211,0.007493768162956993
883,2020-06-19,70.62000274658203,-0.027272668996609517
884,2020-06-22,70.45999908447266,-0.0022656988938890565
885,2020-06-23,71.19999694824219,0.010502382534555155
886,2020-06-24,69.58000183105469,-0.02275274138515948
887,2020-06-25,73.77999877929688,0.060362127590052106
888,2020-06-26,74.5199966430664,0.010029789590850102
889,2020-06-29,75.19999694824219,0.009125071602362311
890,2020-06-30,77.08000183105469,0.02500006594556714
891,2020-07-01,77.76000213623047,0.008822006863287601
892,2020-07-02,77.80000305175781,0.0005144150518059387
893,2020-07-03,78.27999877929688,0.006169610651811208
894,2020-07-06,78.73999786376953,0.00587632973487362
895,2020-07-07,80.19999694824219,0.018542025959902064
896,2020-07-08,78.30000305175781,-0.023690697865120236
897,2020-07-09,76.5999984741211,-0.02171142415553906
898,2020-07-10,77.4800033569336,0.011488314625878182
899,2020-07-13,77.80000305175781,0.004130093972118942
900,2020-07-14,74.87999725341797,-0.037532206732656004
901,2020-07-15,75.18000030517578,0.004006451158678592
902,2020-07-16,74.54000091552734,-0.008512894214558475
903,2020-07-17,74.0,-0.007244444712836806
904,2020-07-20,75.54000091552734,0.02081082318280192
905,2020-07-21,74.91999816894531,-0.008207608407039158
906,2020-07-22,74.54000091552734,-0.005072040345770801
907,2020-07-23,77.5999984741211,0.0410517510197177
908,2020-07-24,73.73999786376953,-0.049742276884694014
909,2020-07-27,73.9000015258789,0.0021698354589727575
910,2020-07-28,73.08000183105469,-0.011096071419390507
911,2020-07-29,72.72000122070312,-0.004926116602785635
912,2020-07-30,70.95999908447266,-0.0242024492118601
913,2020-07-31,72.72000122070312,0.024802736174436957
914,2020-08-03,74.27999877929688,0.02145211128172564
915,2020-08-04,72.80000305175781,-0.01992455239446722
916,2020-08-05,73.36000061035156,0.007692273834049468
917,2020-08-06,72.26000213623047,-0.014994526512665751
918,2020-08-07,72.86000061035156,0.008303327655456272
919,2020-08-10,71.55999755859375,-0.017842479287230706
920,2020-08-11,71.18000030517578,-0.005310190977952822
921,2020-08-12,72.69999694824219,0.021354265756527102
922,2020-08-13,74.12000274658203,0.01953240519873467
923,2020-08-14,72.23999786376953,-0.025364339087253995
924,2020-08-17,73.4800033569336,0.017165082085169425
925,2020-08-18,72.80000305175781,-0.009254222565459602
926,2020-08-19,72.95999908447266,0.002197747609997913
927,2020-08-20,72.86000061035156,-0.0013705931383759529
928,2020-08-21,73.08000183105469,0.0030195061605842177
929,2020-08-24,74.4000015258789,0.018062392744266464
930,2020-08-25,75.19999694824219,0.010752626424140876
931,2020-08-26,77.19999694824219,0.026595745760156664
932,2020-08-27,77.04000091552734,-0.002072487552326141
933,2020-08-28,77.73999786376953,0.00908614927211282
934,2020-08-31,77.0199966430664,-0.009261657325548733
935,2020-09-01,79.08000183105469,0.02674636818714693
936,2020-09-02,81.66000366210938,0.032625212080376054
937,2020-09-03,76.9800033569336,-0.05731080204870631
938,2020-09-04,73.80000305175781,-0.04130943318397973
939,2020-09-07,76.62000274658203,0.03821137639854144
940,2020-09-08,74.41999816894531,-0.02871318844653603
941,2020-09-09,75.73999786376953,0.01773716376379908
942,2020-09-10,75.26000213623047,-0.006337414062282054
943,2020-09-11,75.12000274658203,-0.0018602097485330704
944,2020-09-14,75.73999786376953,0.008253395826928633
945,2020-09-15,76.0,0.003432824710374538
946,2020-09-16,76.5,0.006578947368421018
947,2020-09-17,76.30000305175781,-0.0026143391927083703
948,2020-09-18,77.5999984741211,0.017037947186993252
949,2020-09-21,75.18000030517578,-0.031185544027457213
950,2020-09-22,75.4000015258789,0.0029263264140739764
951,2020-09-23,74.41999816894531,-0.012997391738742037
952,2020-09-24,73.86000061035156,-0.007524826288257458
953,2020-09-25,73.22000122070312,-0.008665033636064412
954,2020-09-28,74.0,0.010652810247103961
955,2020-09-29,72.18000030517578,-0.024594590470597533
956,2020-09-30,70.12000274658203,-0.028539727762318057
957,2020-10-01,72.18000030517578,0.029378172816659776
958,2020-10-02,70.0999984741211,-0.02881687201801708
959,2020-10-05,71.41999816894531,0.018830238567145274
960,2020-10-06,70.66000366210938,-0.010641200312525356
961,2020-10-07,70.0,-0.009340555164212283
962,2020-10-08,71.0,0.014285714285714235
963,2020-10-09,70.5,-0.007042253521126751
964,2020-10-12,71.23999786376953,0.010496423599567928
965,2020-10-13,73.18000030517578,0.027231927282143742
966,2020-10-14,71.45999908447266,-0.0235037061154737
967,2020-10-15,70.63999938964844,-0.011474946897982785
968,2020-10-16,71.91999816894531,0.01812002817605407
969,2020-10-19,71.37999725341797,-0.007508355523853649
970,2020-10-20,71.26000213623047,-0.0016810748361545391
971,2020-10-21,70.0199966430664,-0.017401143081549386
972,2020-10-22,69.36000061035156,-0.00942582211306342
973,2020-10-23,69.87999725341797,0.007497068028987197
974,2020-10-26,66.18000030517578,-0.052947869113735724
975,2020-10-27,63.220001220703125,-0.04472648943522539
976,2020-10-28,62.13999938964844,-0.017083230151868634
977,2020-10-29,65.18000030517578,0.04892180472138463
978,2020-10-30,63.63999938964844,-0.02362689334637913
979,2020-11-02,63.7599983215332,0.0018855897711445024
980,2020-11-03,64.41999816894531,0.010351315319737209
981,2020-11-04,66.4000015258789,0.030735849320282727
982,2020-11-05,68.62000274658203,0.03343375255553105
983,2020-11-06,70.80000305175781,0.03176916668491936
984,2020-11-09,76.77999877929688,0.08446321284996872
985,2020-11-10,73.55999755859375,-0.04193802125419377
986,2020-11-11,73.87999725341797,0.004350186316541382
987,2020-11-12,73.16000366210938,-0.009745446914933176
988,2020-11-13,74.16000366210938,0.013668670720938136
989,2020-11-16,73.08000183105469,-0.014563130767568877
990,2020-11-17,72.76000213623047,-0.00437875871382698
991,2020-11-18,73.33999633789062,0.00797133293886132
992,2020-11-19,73.66000366210938,0.004363339789988707
993,2020-11-20,75.22000122070312,0.02117835298718851
994,2020-11-23,74.76000213623047,-0.006115382571225569
995,2020-11-24,75.41999816894531,0.008828197082072942
996,2020-11-25,76.45999908447266,0.013789458244187092
997,2020-11-26,76.63999938964844,0.0023541761356407065
998,2020-11-27,78.26000213623047,0.021137823062154615
999,2020-11-30,77.5,-0.009711246045042254
1000,2020-12-01,76.73999786376953,-0.009806479177167371
1001,2020-12-02,75.12000274658203,-0.02111017933650905
1002,2020-12-03,74.83999633789062,-0.0037274547184990015
1003,2020-12-04,74.30000305175781,-0.007215303481507784
1004,2020-12-07,74.81999969482422,0.006998608636720638
1005,2020-12-08,74.5999984741211,-0.002940406597172762
1006,2020-12-09,73.22000122070312,-0.018498623078346266
1007,2020-12-10,73.81999969482422,0.008194461405600872
1008,2020-12-11,77.5,0.04985099323203879
1009,2020-12-14,75.13999938964844,-0.03045162077872987
1010,2020-12-15,75.62000274658203,0.006388120319837487
1011,2020-12-16,77.69999694824219,0.0275058731302964
1012,2020-12-17,77.76000213623047,0.0007722675720083227
1013,2020-12-18,75.72000122070312,-0.026234578954272614
1014,2020-12-21,76.04000091552734,0.004226092045237939
1015,2020-12-22,77.9000015258789,0.02446081783215437
1016,2020-12-23,76.9800033569336,-0.011809989100445395
1017,2020-12-24,77.16000366210938,0.00233827354282079
1018,2020-12-28,77.45999908447266,0.003887965372280089
1019,2020-12-29,79.41999816894531,0.02530337087062473
1020,2020-12-30,79.0999984741211,-0.004029208035783438
1021,2020-12-31,79.0999984741211,0.0
1022,2021-01-04,80.44000244140625,0.016940632024456503
1023,2021-01-05,80.05999755859375,-0.004724078459461767
1024,2021-01-06,79.5,-0.006994723653144019
1025,2021-01-07,77.13999938964844,-0.029685542268573117
1026,2021-01-08,77.86000061035156,0.009333694923515212
1027,2021-01-11,74.80000305175781,-0.03930127837922104
1028,2021-01-12,73.66000366210938,-0.015240632929648612
1029,2021-01-13,74.26000213623047,0.008145512412317979
1030,2021-01-14,76.26000213623047,0.026932398902049348
1031,2021-01-15,73.44000244140625,-0.036978751846696634
1032,2021-01-18,74.5,0.014433517474886637
1033,2021-01-19,73.5999984741211,-0.012080557394347768
1034,2021-01-20,73.62000274658203,0.0002717971858106072
1035,2021-01-21,73.81999969482422,0.002716611529214763
1036,2021-01-22,72.9800033569336,-0.011378980511558057
1037,2021-01-25,70.91999816894531,-0.028226981272022167
1038,2021-01-26,71.5,0.008178255020156788
1039,2021-01-27,70.19999694824219,-0.018181860863745625
1040,2021-01-28,71.23999786376953,0.014814828500550048
1041,2021-01-29,70.05999755859375,-0.016563733023017058
1042,2021-02-01,72.16000366210938,0.029974395899162287
1043,2021-02-02,75.0199966430664,0.03963404705949025
1044,2021-02-03,74.13999938964844,-0.011730169192153639
1045,2021-02-04,74.23999786376953,0.0013487789984396592
1046,2021-02-05,74.94000244140625,0.009428941241636624
1047,2021-02-08,75.63999938964844,0.009340764951128788
1048,2021-02-09,74.81999969482422,-0.010840821013232804
1049,2021-02-10,76.58000183105469,0.0235231508073932
1050,2021-02-11,77.95999908447266,0.018020334557609763
1051,2021-02-12,78.72000122070312,0.009748616536115806
1052,2021-02-15,78.62000274658203,-0.001270305799929261
1053,2021-02-16,79.0,0.0048333406276113156
1054,2021-02-17,77.23999786376953,-0.02227850805355025
1055,2021-02-18,77.19999694824219,-0.0005178782578152408
1056,2021-02-19,77.08000183105469,-0.0015543409576550538
1057,2021-02-22,74.9000015258789,-0.02828230738699178
1058,2021-02-23,74.27999877929688,-0.00827774010615756
1059,2021-02-24,73.69999694824219,-0.007808317724640856
1060,2021-02-25,74.19999694824219,0.006784260796525388
1061,2021-02-26,73.80000305175781,-0.005390753543607185
1062,2021-03-01,74.5,0.009485053106993213
1063,2021-03-02,74.5199966430664,0.0002684113163275992
1064,2021-03-03,73.23999786376953,-0.017176581279623182
1065,2021-03-04,71.04000091552734,-0.030038189683379124
1066,2021-03-05,70.76000213623047,-0.00394142420732535
1067,2021-03-08,72.55999755859375,0.02543803516141563
1068,2021-03-09,74.95999908447266,0.03307609711454096
1069,2021-03-10,73.5,-0.019477042453367455
1070,2021-03-11,76.77999877929688,0.0446258337319303
1071,2021-03-12,76.08000183105469,-0.009116917939193003
1072,2021-03-15,74.87999725341797,-0.015772930451572353
1073,2021-03-16,73.9800033569336,-0.01201914969946527
1074,2021-03-17,72.68000030517578,-0.017572357296141927
1075,2021-03-18,71.72000122070312,-0.013208572928477103
1076,2021-03-19,71.44000244140625,-0.003904054301884896
1077,2021-03-22,70.87999725341797,-0.007838818153003135
1078,2021-03-23,70.95999908447266,0.0011286940484585006
1079,2021-03-24,70.83999633789062,-0.0016911323017236857
1080,2021-03-25,68.58000183105469,-0.031902803834944815
1081,2021-03-26,70.27999877929688,0.024788522934573454
1082,2021-03-29,69.95999908447266,-0.004553211445394667
1083,2021-03-30,70.76000213623047,0.011435149545840462
1084,2021-03-31,71.44000244140625,0.009609953146505257
1085,2021-04-01,71.80000305175781,0.005039202100347362
1086,2021-04-06,71.7300033569336,-0.0009749260703200147
1087,2021-04-07,73.43000030517578,0.02369994240461537
1088,2021-04-08,72.19999694824219,-0.016750692521063426
1089,2021-04-09,73.97000122070312,0.024515295668638304
1090,2021-04-12,73.31999969482422,-0.008787366704774091
1091,2021-04-13,74.3499984741211,0.014047992138352283
1092,2021-04-14,75.0199966430664,0.009011407971696528
1093,2021-04-15,75.58000183105469,0.007464745575139098
1094,2021-04-16,74.2699966430664,-0.01733269590170905
1095,2021-04-19,75.5199966430664,0.01683048413220445
1096,2021-04-20,74.75,-0.010195930578568158
1097,2021-04-21,75.75,0.013377926421404673
1098,2021-04-22,80.62999725341797,0.06442240598571569
1099,2021-04-23,81.63999938964844,0.012526381875669124
1100,2021-04-26,81.25,-0.004777062623274486
1101,2021-04-27,81.83999633789062,0.007261493389423057
1102,2021-04-28,82.01000213623047,0.0020772947940752573
1103,2021-04-29,82.16000366210938,0.0018290637967517398
1104,2021-04-30,81.62999725341797,-0.006450905368396875
1105,2021-05-03,80.31999969482422,-0.016047992192464444
1106,2021-05-04,77.88999938964844,-0.03025398797819434
1107,2021-05-05,78.62000274658203,0.009372234724020378
1108,2021-05-06,77.19000244140625,-0.018188759287952938
1109,2021-05-07,78.37999725341797,0.01541643703036577
1110,2021-05-10,76.81999969482422,-0.019903006038006987
1111,2021-05-11,75.47000122070312,-0.017573528761834267
1112,2021-05-12,74.0999984741211,-0.01815294453985261
1113,2021-05-13,74.95999908447266,0.011605946397582168
1114,2021-05-14,75.77999877929688,0.01093916361845415
1115,2021-05-17,75.25,-0.0069939138009286195
1116,2021-05-18,75.52999877929688,0.0037209140105896044
1117,2021-05-19,74.27999877929688,-0.01654971561236973
1118,2021-05-20,76.18000030517578,0.02557891164651549
1119,2021-05-21,76.48999786376953,0.004069277465895249
1120,2021-05-24,77.0999984741211,0.007974906881785815
1121,2021-05-25,77.66999816894531,0.007392992297082124
1122,2021-05-26,77.72000122070312,0.0006437885018233391
1123,2021-05-27,77.80999755859375,0.0011579559505545678
1124,2021-05-28,78.93000030517578,0.014394072506410671
1125,2021-05-31,78.27999877929688,-0.00823516436545968
1126,2021-06-01,77.7699966430664,-0.006515101484203756
1127,2021-06-02,76.98999786376953,-0.01002955912261072
1128,2021-06-03,75.63999938964844,-0.017534725439398713
1129,2021-06-04,76.01000213623047,0.004891628101105772
1130,2021-06-07,76.3499984741211,0.004473047340286307
1131,2021-06-08,75.80000305175781,-0.007203607509562726
1132,2021-06-09,76.77999877929688,0.012928703009021048
1133,2021-06-10,76.66000366210938,-0.0015628434370313915
1134,2021-06-11,78.44000244140625,0.02321939335070322
1135,2021-06-14,78.97000122070312,0.006756740984203535
1136,2021-06-15,79.04000091552734,0.0008864086835782548
1137,2021-06-16,80.6500015258789,0.020369440684498752
1138,2021-06-17,81.23999786376953,0.007315515520496474
1139,2021-06-18,80.16000366210938,-0.013293872846614097
1140,2021-06-21,80.36000061035156,0.002494971795226064
1141,2021-06-22,79.33999633789062,-0.012692935100967917
1142,2021-06-23,78.95999908447266,-0.004789479089457593
1143,2021-06-24,81.0,0.025835878155785252
1144,2021-06-25,80.6500015258789,-0.004320968816309834
1145,2021-06-28,79.87999725341797,-0.009547479949071791
1146,2021-06-29,79.37000274658203,-0.006384508317119564
1147,2021-06-30,78.94000244140625,-0.005417667762324663
1148,2021-07-01,80.02999877929688,0.01380790859108072
1149,2021-07-02,80.94999694824219,0.011495666412321803
1150,2021-07-05,80.69999694824219,-0.003088326243666728
1151,2021-07-06,82.13999938964844,0.017843897098655637
1152,2021-07-07,82.9800033569336,0.010226491033928697
1153,2021-07-08,80.33000183105469,-0.031935423218532266
1154,2021-07-09,80.83000183105469,0.006224324518895985
1155,2021-07-12,82.02999877929688,0.014845934938246597
1156,2021-07-13,82.31999969482422,0.0035353031798475154
1157,2021-07-14,82.69999694824219,0.004616098819566261
1158,2021-07-15,81.20999908447266,-0.018016903491569036
1159,2021-07-16,81.23999786376953,0.0003693976066379001
1160,2021-07-19,79.69999694824219,-0.01895619098993273
1161,2021-07-20,80.2300033569336,0.006650017929556551
1162,2021-07-21,82.5,0.02829361271452857
1163,2021-07-22,84.44999694824219,0.023636326645359862
1164,2021-07-23,84.37000274658203,-0.0009472374724794896
1165,2021-07-26,84.83999633789062,0.0055706243452462445
1166,2021-07-27,77.27999877929688,-0.0891088859608703
1167,2021-07-28,78.95999908447266,0.021739134727132736
1168,2021-07-29,79.98999786376953,0.01304456422542466
1169,2021-07-30,78.91000366210938,-0.01350161558323193
1170,2021-08-02,80.1500015258789,0.015714076875210425
1171,2021-08-03,78.58000183105469,-0.01958826780954326
1172,2021-08-04,78.55000305175781,-0.000381760990046498
1173,2021-08-05,78.36000061035156,-0.0024188724891717195
1174,2021-08-06,79.0999984741211,0.009443566334936593
1175,2021-08-09,79.12000274658203,0.0002528985189231836
1176,2021-08-10,77.86000061035156,-0.015925203393460485
1177,2021-08-11,76.94000244140625,-0.011816056533950237
1178,2021-08-12,76.44999694824219,-0.006368670101579821
1179,2021-08-13,76.05999755859375,-0.005101365666665414
1180,2021-08-16,75.45999908447266,-0.007888489263477516
1181,2021-08-17,74.98999786376953,-0.006228481664530494
1182,2021-08-18,74.61000061035156,-0.005067305830682822
1183,2021-08-19,75.0,0.005227173119662476
1184,2021-08-20,74.0,-0.013333333333333308
1185,2021-08-23,75.19000244140625,0.016081114073057456
1186,2021-08-24,75.25,0.0007979459588460802
1187,2021-08-25,74.55000305175781,-0.009302285026474233
1188,2021-08-26,74.37000274658203,-0.002414490916262113
1189,2021-08-27,74.55000305175781,0.002420334792633261
1190,2021-08-30,74.9800033569336,0.0057679448366654285
1191,2021-08-31,75.2699966430664,0.003867608337550177
1192,2021-09-01,75.98999786376953,0.009565580613978275
1193,2021-09-02,75.01000213623047,-0.012896377879835441
1194,2021-09-03,72.38999938964844,-0.03492871179797696
1195,2021-09-06,72.9800033569336,0.008150351875393591
1196,2021-09-07,71.80999755859375,-0.016031868245025005
1197,2021-09-08,71.30999755859375,-0.00696281878567151
1198,2021-09-09,71.30000305175781,-0.00014015575905368394
1199,2021-09-10,71.08000183105469,-0.003085570985788322
1200,2021-09-13,70.62999725341797,-0.006330959004563708
1201,2021-09-14,70.70999908447266,0.0011326891429379593
1202,2021-09-15,68.5199966430664,-0.03097160896282858
1203,2021-09-16,69.2300033569336,0.01036203661196522
1204,2021-09-17,68.01000213623047,-0.01762243480493686
1205,2021-09-20,66.72000122070312,-0.018967811718978433
1206,2021-09-21,66.76000213623047,0.0005995340946567396
1207,2021-09-22,67.69999694824219,0.014080209435787028
1208,2021-09-23,68.06999969482422,0.005465328851711915
1209,2021-09-24,67.16999816894531,-0.013221706036636527
1210,2021-09-27,66.66000366210938,-0.007592593728426245
1211,2021-09-28,66.18000030517578,-0.007200770035457382
1212,2021-09-29,66.62999725341797,0.006799591208327627
1213,2021-09-30,66.01000213623047,-0.009305044915872251
1214,2021-10-01,65.5199966430664,-0.00742320068635649
1215,2021-10-04,64.72000122070312,-0.012209942969341414
1216,2021-10-05,65.87999725341797,0.017923300538254194
1217,2021-10-06,65.79000091552734,-0.0013660646879574134
1218,2021-10-07,68.1500015258789,0.03587172180437781
1219,2021-10-08,67.01000213623047,-0.01672779697907334
1220,2021-10-11,66.47000122070312,-0.008058512137181117
1221,2021-10-12,65.83000183105469,-0.00962839443199981
1222,2021-10-13,67.13999938964844,0.01989970411903852
1223,2021-10-14,68.36000061035156,0.018171004346050346
1224,2021-10-15,68.54000091552734,0.0026331232236491697
1225,2021-10-18,68.31999969482422,-0.0032098222609344695
1226,2021-10-19,68.62000274658203,0.004391145390777007
1227,2021-10-20,68.05999755859375,-0.008160961317014492
1228,2021-10-21,68.77999877929688,0.010578919284903954
1229,2021-10-22,68.11000061035156,-0.009741177389305022
1230,2021-10-25,66.5,-0.0236382410207594
1231,2021-10-26,65.41999816894531,-0.016240629038416388
1232,2021-10-27,55.0,-0.15927848457035965
1233,2021-10-28,52.25,-0.050000000000000044
1234,2021-10-29,50.380001068115234,-0.03578945324181371
1235,2021-11-01,48.595001220703125,-0.03543072269884906
1236,2021-11-02,49.71500015258789,0.023047616087055633
1237,2021-11-03,52.0,0.04596198009451613
1238,2021-11-04,51.380001068115234,-0.011923056382399322
1239,2021-11-05,53.34000015258789,0.03814712035280521
1240,2021-11-08,51.93999862670898,-0.026246747691675565
1241,2021-11-09,50.04999923706055,-0.03638812937273628
1242,2021-11-10,49.45000076293945,-0.011987981683660331
1243,2021-11-11,48.810001373291016,-0.012942353483806013
1244,2021-11-12,49.06499862670898,0.0052242828568633826
1245,2021-11-15,50.400001525878906,0.027208864496802487
1246,2021-11-16,51.29999923706055,0.017857096903449943
1247,2021-11-17,49.709999084472656,-0.030994155482155117
1248,2021-11-18,50.65999984741211,0.019110858588532897
1249,2021-11-19,50.130001068115234,-0.010461878817473957
1250,2021-11-22,48.59999847412109,-0.030520697414612497
1251,2021-11-23,48.68000030517578,0.0016461282626849538
1252,2021-11-24,48.68999862670898,0.0002053886908486291
1253,2021-11-25,49.625,0.019203150537328684
1254,2021-11-26,47.44499969482422,-0.04392947718238349
1255,2021-11-29,47.470001220703125,0.0005269580786113615
1256,2021-11-30,46.3849983215332,-0.02285660145921209
1257,2021-12-01,46.34999847412109,-0.0007545510117193954
1258,2021-12-02,46.595001220703125,0.0052859278241148555
1259,2021-12-03,45.959999084472656,-0.013628117171254117
1260,2021-12-06,48.45500183105469,0.0542863967859597
1261,2021-12-07,49.55500030517578,0.0227014432474153
1262,2021-12-08,48.76499938964844,-0.015941901133331937
1263,2021-12-09,48.9900016784668,0.0046140119272948255
1264,2021-12-10,48.130001068115234,-0.01755461483745102
1265,2021-12-13,47.34999847412109,-0.016206161992189938
1266,2021-12-14,47.084999084472656,-0.005596608198271902
1267,2021-12-15,46.869998931884766,-0.004566213375138184
1268,2021-12-16,47.334999084472656,0.009921061727858449
1269,2021-12-17,49.119998931884766,0.03770993729664274
1270,2021-12-20,45.84000015258789,-0.06677522090025456
1271,2021-12-21,48.01499938964844,0.04744762717758766
1272,2021-12-22,48.625,0.012704376093006342
1273,2021-12-23,48.77999877929688,0.0031876355639461895
1274,2021-12-24,49.369998931884766,0.012095124381968914
1275,2021-12-27,48.775001525878906,-0.012051801071066848
1276,2021-12-28,49.06499862670898,0.0059456092620766565
1277,2021-12-29,48.375,-0.014062950087058046
1278,2021-12-30,48.84000015258789,0.00961240625504689
1279,2021-12-31,49.0099983215332,0.0034807159789966846
1280,2022-01-03,49.97999954223633,0.01979190479337234
1281,2022-01-04,50.790000915527344,0.016206510218282677
1282,2022-01-05,52.2599983215332,0.02894265366229698
1283,2022-01-06,52.29999923706055,0.0007654212937635574
1284,2022-01-07,51.470001220703125,-0.015869943182891588
1285,2022-01-10,48.709999084472656,-0.05362351021511724
1286,2022-01-11,49.244998931884766,0.010983368044912512
1287,2022-01-12,49.1150016784668,-0.0026398061983468057
1288,2022-01-13,49.41999816894531,0.006209843837025275
1289,2022-01-14,47.470001220703125,-0.03945764913984828
1290,2022-01-17,47.869998931884766,0.008426326119561844
1291,2022-01-18,46.02000045776367,-0.03864630280759973
1292,2022-01-19,45.79999923706055,-0.004780556682198123
1293,2022-01-20,46.380001068115234,0.012663795648829579
1294,2022-01-21,45.29999923706055,-0.02328593803757273
1295,2022-01-24,42.0,-0.07284766650417007
1296,2022-01-25,41.845001220703125,-0.003690447126116103
1297,2022-01-26,43.06999969482422,0.029274666946718098
1298,2022-01-27,42.0,-0.0248432714744784
1299,2022-01-28,42.25,0.005952380952380931
1300,2022-01-31,42.685001373291016,0.010295890492095117
1301,2022-02-01,44.72499847412109,0.04779189493259661
1302,2022-02-02,44.79999923706055,0.00167693159302984
1303,2022-02-03,42.77000045776367,-0.045312473523829166
1304,2022-02-04,42.5099983215332,-0.006079077237495678
1305,2022-02-07,43.85499954223633,0.03163964417335263
1306,2022-02-08,42.80500030517578,-0.023942520762069597
1307,2022-02-09,44.34000015258789,0.035860292873926225
1308,2022-02-10,43.2599983215332,-0.024357280724809693
1309,2022-02-11,45.7599983215332,0.05779010857602351
1310,2022-02-14,45.47999954223633,-0.006118854667114704
1311,2022-02-15,45.165000915527344,-0.006926091246250987
1312,2022-02-16,45.9900016784668,0.01826637321412794
1313,2022-02-17,44.650001525878906,-0.029136771117259985
1314,2022-02-18,44.165000915527344,-0.01086227533655193
1315,2022-02-21,42.900001525878906,-0.028642575872871667
1316,2022-02-22,47.415000915527344,0.10524473727407258
1317,2022-02-23,48.095001220703125,0.014341459286002056
1318,2022-02-24,46.665000915527344,-0.029732826050126393
1319,2022-02-25,45.54999923706055,-0.023893745989315707
1320,2022-02-28,45.90499877929688,0.007793623450766063
1321,2022-03-01,43.28499984741211,-0.05707437101744117
1322,2022-03-02,43.7599983215332,0.010973743231963873
1323,2022-03-03,43.41999816894531,-0.007769656435763328
1324,2022-03-04,39.81999969482422,-0.08291106922929059
1325,2022-03-07,38.5,-0.03314916386088751
1326,2022-03-08,37.290000915527344,-0.03142854764864045
1327,2022-03-09,40.630001068115234,0.08956825075316988
1328,2022-03-10,40.53499984741211,-0.0023382037461396887
1329,2022-03-11,40.525001525878906,-0.0002466589754740456
1330,2022-03-14,41.20500183105469,0.0167797724755554
1331,2022-03-15,40.15499877929688,-0.02548241730610623
1332,2022-03-16,42.09999847412109,0.048437299313952575
1333,2022-03-17,41.185001373291016,-0.021733898669676233
1334,2022-03-18,41.92499923706055,0.01796765422106872
1335,2022-03-21,41.95000076293945,0.0005963393281782636
1336,2022-03-22,42.09999847412109,0.0035756307140319965
1337,2022-03-23,40.584999084472656,-0.03598573502513791
1338,2022-03-24,40.334999084472656,-0.006159911436234289
1339,2022-03-25,39.744998931884766,-0.014627498846653375
1340,2022-03-28,39.130001068115234,-0.015473591151015431
1341,2022-03-29,42.9900016784668,0.09864555341136572
1342,2022-03-30,42.29999923706055,-0.016050300406288742
1343,2022-03-31,39.48500061035156,-0.06654843209175909
1344,2022-04-01,39.310001373291016,-0.004432043417891385
1345,2022-04-04,40.150001525878906,0.02136861163171133
1346,2022-04-05,39.060001373291016,-0.027148197040175126
1347,2022-04-06,37.68999862670898,-0.0350743138355043
1348,2022-04-07,37.369998931884766,-0.00849030794597705
1349,2022-04-08,36.290000915527344,-0.02890013506090705
1350,2022-04-11,35.77000045776367,-0.014329028510472686
1351,2022-04-12,35.2599983215332,-0.014257817436504228
1352,2022-04-13,34.61000061035156,-0.01843442263537176
1353,2022-04-14,35.209999084472656,0.017335985655592356
1354,2022-04-19,35.02000045776367,-0.005396155400434921
1355,2022-04-20,35.459999084472656,0.012564209621860334
1356,2022-04-21,35.75,0.008178255020156788
1357,2022-04-22,35.38999938964844,-0.010069947142701041
1358,2022-04-25,35.18000030517578,-0.005933853859689031
1359,2022-04-26,35.060001373291016,-0.003410998602723425
1360,2022-04-27,35.7400016784668,0.01939533024929685
1361,2022-04-28,38.15999984741211,0.06771119348892896
1362,2022-04-29,37.84999847412109,-0.008123725747657407
1363,2022-05-02,37.630001068115234,-0.005812349138039408
1364,2022-05-03,38.34999847412109,0.01913360046688717
1365,2022-05-04,38.040000915527344,-0.00808337864219033
1366,2022-05-05,37.27000045776367,-0.02024186223006552
1367,2022-05-06,37.43999862670898,0.004561260178624238
1368,2022-05-09,35.650001525878906,-0.04780975337838611
1369,2022-05-10,35.25,-0.011220238674843785
1370,2022-05-11,35.540000915527344,0.008226976327016855
1371,2022-05-12,35.91999816894531,0.0106921002709357
1372,2022-05-13,36.84999847412109,0.025890878412677898
1373,2022-05-16,36.040000915527344,-0.021980938728195176
1374,2022-05-17,37.20000076293945,0.032186454437972634
1375,2022-05-18,35.93000030517578,-0.03413979655153421
1376,2022-05-19,36.9900016784668,0.02950184704391212
1377,2022-05-20,37.36000061035156,0.010002674103693154
1378,2022-05-23,37.959999084472656,0.016059916068493107
1379,2022-05-24,37.209999084472656,-0.01975764009717229
1380,2022-05-25,37.93999862670898,0.019618370335863444
1381,2022-05-26,39.7400016784668,0.047443413729874484
1382,2022-05-27,39.84999847412109,0.0027679111979981297
1383,2022-05-30,39.20000076293945,-0.016311110064502143
1384,2022-05-31,38.0099983215332,-0.03035720454708013
1385,2022-06-01,38.09000015258789,0.002104757552945369
1386,2022-06-02,38.70000076293945,0.01601471798130505
1387,2022-06-03,38.43000030517578,-0.006976755877024066
1388,2022-06-06,39.22999954223633,0.02081704997938294
1389,2022-06-07,39.27999877929688,0.0012745153618145544
1390,2022-06-08,39.150001525878906,-0.003309502481107285
1391,2022-06-09,38.95000076293945,-0.00510857612118476
1392,2022-06-10,36.84999847412109,-0.05391533370177748
1393,2022-06-13,35.099998474121094,-0.04748982557567749
1394,2022-06-14,32.540000915527344,-0.07293440654936811
1395,2022-06-15,33.75,0.03718497389148112
1396,2022-06-16,33.33000183105469,-0.01244439019097221
1397,2022-06-17,34.709999084472656,0.041404055733719636
1398,2022-06-20,35.52000045776367,0.023336254527686284
1399,2022-06-21,36.790000915527344,0.035754516931209235
1400,2022-06-22,37.52000045776367,0.019842335527864297
1401,2022-06-23,37.95000076293945,0.011460562364860039
1402,2022-06-24,38.52999877929688,0.015283214880033258
1403,2022-06-27,37.70000076293945,-0.021541605051994095
1404,2022-06-28,37.790000915527344,0.002387271903621979
1405,2022-06-29,37.11000061035156,-0.017994185993691736
1406,2022-06-30,35.380001068115234,-0.04661814911837425
1407,2022-07-01,35.459999084472656,0.002261108364677744
1408,2022-07-04,35.83000183105469,0.010434369885363282
1409,2022-07-05,34.20000076293945,-0.04549263144894611
1410,2022-07-06,35.06999969482422,0.025438564692300547
1411,2022-07-07,35.52000045776367,0.012831501763767239
1412,2022-07-08,35.189998626708984,-0.0092905919707712
1413,2022-07-11,34.900001525878906,-0.008240895485854716
1414,2022-07-12,35.779998779296875,0.0252148199124127
1415,2022-07-13,34.790000915527344,-0.027669030115852533
1416,2022-07-14,33.439998626708984,-0.038804318864384735
1417,2022-07-15,35.15999984741211,0.0514354453151602
1418,2022-07-18,36.25,0.031001142130781867
1419,2022-07-19,37.220001220703125,0.0267586543642242
1420,2022-07-20,37.36000061035156,0.003761402070308506
1421,2022-07-21,37.310001373291016,-0.0013383093212984143
1422,2022-07-22,36.59000015258789,-0.019297807402884448
1423,2022-07-25,36.790000915527344,0.005465995138163704
1424,2022-07-26,36.560001373291016,-0.006251686233018194
1425,2022-07-27,41.59000015258789,0.13758201833579675
1426,2022-07-28,41.95000076293945,0.008655941549188917
1427,2022-07-29,43.0,0.025029778735741193
1428,2022-08-01,42.90999984741211,-0.0020930268043695133
1429,2022-08-02,43.2599983215332,0.008156571320570682
1430,2022-08-03,43.09999847412109,-0.003698563421637324
1431,2022-08-04,43.0,-0.002320150293766976
1432,2022-08-05,42.459999084472656,-0.012558160826217302
1433,2022-08-08,42.68999862670898,0.005416852265558214
1434,2022-08-09,42.31999969482422,-0.0086671104190027
1435,2022-08-10,43.56999969482422,0.029536862216775317
1436,2022-08-11,44.91999816894531,0.03098458764234202
1437,2022-08-12,44.619998931884766,-0.006678522913830975
1438,2022-08-15,44.630001068115234,0.00022416262819136001
1439,2022-08-16,44.02000045776367,-0.013667949714376348
1440,2022-08-17,43.83000183105469,-0.004316188658182396
1441,2022-08-18,43.400001525878906,-0.009810638540085903
1442,2022-08-19,42.77000045776367,-0.014516153132842047
1443,2022-08-22,42.0099983215332,-0.017769514334725955
1444,2022-08-23,41.79999923706055,-0.004998788213829042
1445,2022-08-24,42.22999954223633,0.010287088828330404
1446,2022-08-25,42.06999969482422,-0.00378877217964646
1447,2022-08-26,40.81999969482422,-0.029712384337235553
1448,2022-08-29,40.93000030517578,0.0026947724442416554
1449,2022-08-30,42.459999084472656,0.03738086410674657
1450,2022-08-31,42.790000915527344,0.007772064017197877
1451,2022-09-01,42.59999847412109,-0.004440346747861645
1452,2022-09-02,43.65999984741211,0.024882662236125563
1453,2022-09-05,42.58000183105469,-0.024736555660373805
1454,2022-09-06,43.88999938964844,0.03076555900094724
1455,2022-09-07,43.47999954223633,-0.00934153231063406
1456,2022-09-08,44.63999938964844,0.02667892961418472
1457,2022-09-09,46.86000061035156,0.04973121082116139
1458,2022-09-12,46.66999816894531,-0.004054682862387304
1459,2022-09-13,45.33000183105469,-0.028712157498696267
1460,2022-09-14,45.66999816894531,0.007500470420402694
1461,2022-09-15,44.91999816894531,-0.01642215962491511
1462,2022-09-16,42.90999984741211,-0.044746179952491194
1463,2022-09-19,43.43999862670898,0.01235140482828112
1464,2022-09-20,43.5,0.0013812471267926618
1465,2022-09-21,45.11000061035156,0.03701150828394395
1466,2022-09-22,43.040000915527344,-0.04588782236347844
1467,2022-09-23,41.56999969482422,-0.03415430272848341
1468,2022-09-26,42.13999938964844,0.013711804161865127
1469,2022-09-27,42.84999847412109,0.016848578423260596
1470,2022-09-28,41.400001525878906,-0.033838903147637045
1471,2022-09-29,39.22999954223633,-0.05241550491939284
1472,2022-09-30,40.68000030517578,0.03696152892834825
1473,2022-10-03,40.459999084472656,-0.005408092897067451
1474,2022-10-04,42.29999923706055,0.045477019135525154
1475,2022-10-05,42.45000076293945,0.0035461354275270196
1476,2022-10-06,42.59999847412109,0.003533514923104164
1477,2022-10-07,43.45000076293945,0.019953106086018524
1478,2022-10-10,43.5,0.0011507304069644508
1479,2022-10-11,42.560001373291016,-0.02160916383239042
1480,2022-10-12,42.709999084472656,0.003524382197876763
1481,2022-10-13,42.810001373291016,0.002341425683961562
1482,2022-10-14,43.29999923706055,0.011445873582130783
1483,2022-10-17,44.540000915527344,0.02863745266317408
1484,2022-10-18,44.79999923706055,0.005837411679139981
1485,2022-10-19,43.70000076293945,-0.02455353778691871
1486,2022-10-20,45.02999877929688,0.03043473668507013
1487,2022-10-21,44.68999862670898,-0.007550525467573954
1488,2022-10-24,45.06999969482422,0.008503044971859497
1489,2022-10-25,43.77000045776367,-0.028844003680120633
1490,2022-10-26,45.0,0.028101428589730748
1491,2022-10-27,43.9900016784668,-0.022444407145182255
1492,2022-10-28,44.130001068115234,0.0031825274904904166
1493,2022-10-31,44.31999969482422,0.0043054299141238594
1494,2022-11-01,44.02999877929688,-0.006543342001899988
1495,2022-11-02,43.43000030517578,-0.0136270381729654
1496,2022-11-03,43.27999877929688,-0.003453868865412435
1497,2022-11-04,43.560001373291016,0.006469561041856364
1498,2022-11-07,43.93999862670898,0.008723536304821033
1499,2022-11-08,44.060001373291016,0.0027310594067495586
1500,2022-11-09,43.75,-0.007035891140006578
1501,2022-11-10,46.81999969482422,0.07017142159598211
1502,2022-11-11,47.40999984741211,0.012601455711951148
1503,2022-11-14,45.93000030517578,-0.031217033263017724
1504,2022-11-15,45.2599983215332,-0.014587458723945956
1505,2022-11-16,43.86000061035156,-0.03093234120858479
1506,2022-11-17,43.36000061035156,-0.011399908642089507
1507,2022-11-18,44.20000076293945,0.019372696973333436
1508,2022-11-21,43.959999084472656,-0.005429902134029607
1509,2022-11-22,44.13999938964844,0.004094638510567128
1510,2022-11-23,44.970001220703125,0.01880384781449118
1511,2022-11-24,46.18000030517578,0.026906805684399293
1512,2022-11-25,46.41999816894531,0.005197008709041384
1513,2022-11-28,46.27000045776367,-0.003231316611339019
1514,2022-11-29,44.810001373291016,-0.03155390252925061
1515,2022-11-30,44.95000076293945,0.0031242888943958658
1516,2022-12-01,45.52000045776367,0.012680749391536628
1517,2022-12-02,44.470001220703125,-0.023066766838783392
1518,2022-12-05,43.56999969482422,-0.020238396698309735
1519,2022-12-06,42.630001068115234,-0.02157444648365814
1520,2022-12-07,42.11000061035156,-0.012197993073769897
1521,2022-12-08,42.70000076293945,0.014010927191553169
1522,2022-12-09,41.130001068115234,-0.03676814207897783
1523,2022-12-12,41.33000183105469,0.0048626491063843424
1524,2022-12-13,41.56999969482422,0.005806867968469298
1525,2022-12-14,40.90999984741211,-0.01587683070140322
1526,2022-12-15,38.13999938964844,-0.0677096178952662
1527,2022-12-16,37.06999969482422,-0.02805452836778566
1528,2022-12-19,37.33000183105469,0.007013815440272797
1529,2022-12-20,36.70000076293945,-0.016876534615948957
1530,2022-12-21,37.2599983215332,0.015258788745291962
1531,2022-12-22,36.93999862670898,-0.008588290639811813
1532,2022-12-23,36.93999862670898,0.0
1533,2022-12-27,37.0099983215332,0.0018949566168531273
1534,2022-12-28,36.5,-0.013780014716630595
1535,2022-12-29,36.93000030517578,0.011780830278788512
1536,2022-12-30,36.52999877929688,-0.010831343692754847
1537,2023-01-02,37.18999862670898,0.018067338337447447
1538,2023-01-03,37.43000030517578,0.006453393044613787
1539,2023-01-04,38.52000045776367,0.02912102975423081
1540,2023-01-05,38.59999847412109,0.002076791677225742
1541,2023-01-06,38.77000045776367,0.004404196641524694
1542,2023-01-09,39.34999847412109,0.014959969293507402
1543,2023-01-10,40.119998931884766,0.01956799206155191
1544,2023-01-11,40.52000045776367,0.009970128029116454
1545,2023-01-12,41.540000915527344,0.02517276520830447
1546,2023-01-13,41.650001525878906,0.0026480647069615504
1547,2023-01-16,41.20000076293945,-0.010804339650740458
1548,2023-01-17,41.40999984741211,0.005097065062716233
1549,2023-01-18,41.0,-0.009900986450685378
1550,2023-01-19,39.630001068115234,-0.033414608094750387
1551,2023-01-20,39.70000076293945,0.001766330884117373
1552,2023-01-23,39.68000030517578,-0.0005037898584209222
1553,2023-01-24,40.220001220703125,0.013608893935842747
1554,2023-01-25,40.13999938964844,-0.0019891056346738045
1555,2023-01-26,40.880001068115234,0.018435517930217804
1556,2023-01-27,41.369998931884766,0.011986248800558652
1557,2023-01-30,41.41999816894531,0.0012085868588700421
1558,2023-01-31,41.540000915527344,0.002897217573321953
1559,2023-02-01,42.02999877929688,0.011795807726773022
1560,2023-02-02,44.43999862670898,0.05733999327640271
1561,2023-02-03,44.02000045776367,-0.00945090418371164
1562,2023-02-06,43.43000030517578,-0.013403001963936512
1563,2023-02-07,43.36000061035156,-0.0016117820477168365
1564,2023-02-08,42.650001525878906,-0.016374517400333133
1565,2023-02-09,42.369998931884766,-0.00656512506392859
1566,2023-02-10,40.2400016784668,-0.05027135490001344
1567,2023-02-13,39.75,-0.012176979573263913
1568,2023-02-14,40.45000076293945,0.017610082086527035
